company_name,role,message,status,auto_score,approved
Management Consulting,Managing Partner,"Hi Daniel,

Noticed Management Consulting is led by a Managing Partner, with proposal quality showing up as a visible growth signal.

A lot of B2B service firms need more qualified leads, but the motion breaks when targets are fuzzy, first messages blur, and nobody sees what produces conversations.

I am building a focused lead-generation tool for one market: targeting, message review, send limits, and reply visibility.

If this might help, hit Reply, type yes, and send — subject unchanged is fine. I will follow up with a short walkthrough. Not a fit? No need to reply.

Best,
Ismael Sudally
Venture 2.0
Revenue growth systems for early-stage B2B ventures",PASS,4,yes
Legal Tech Solutions,Founder,"Hi Jessica,

Noticed Legal Tech Solutions is led by a Founder, with churn rate high showing up as a visible growth signal.

A lot of B2B service firms need more qualified leads, but the motion breaks when targets are fuzzy, first messages blur, and nobody sees what produces conversations.

I am building a focused lead-generation tool for one market: targeting, message review, send limits, and reply visibility.

If this might help, hit Reply, type yes, and send — subject unchanged is fine. I will follow up with a short walkthrough. Not a fit? No need to reply.

Best,
Ismael Sudally
Venture 2.0
Revenue growth systems for early-stage B2B ventures",PASS,4,yes
Sales Training Academy,CEO,"Hi Linda,

Noticed Sales Training Academy is led by a CEO, with rep performance tracking showing up as a visible growth signal.

A lot of B2B service firms need more qualified leads, but the motion breaks when targets are fuzzy, first messages blur, and nobody sees what produces conversations.

I am building a focused lead-generation tool for one market: targeting, message review, send limits, and reply visibility.

If this might help, hit Reply, type yes, and send — subject unchanged is fine. I will follow up with a short walkthrough. Not a fit? No need to reply.

Best,
Ismael Sudally
Venture 2.0
Revenue growth systems for early-stage B2B ventures",PASS,4,yes
Growth PR Agency,Director,"Hi Alexander,

Noticed Growth PR Agency is led by a Director, with media placement low showing up as a visible growth signal.

A lot of B2B service firms need more qualified leads, but the motion breaks when targets are fuzzy, first messages blur, and nobody sees what produces conversations.

I am building a focused lead-generation tool for one market: targeting, message review, send limits, and reply visibility.

If this might help, hit Reply, type yes, and send — subject unchanged is fine. I will follow up with a short walkthrough. Not a fit? No need to reply.

Best,
Ismael Sudally
Venture 2.0
Revenue growth systems for early-stage B2B ventures",PASS,4,yes
Business Strategy Inc,Principal Consultant,"Hi Christopher,

Noticed Business Strategy Inc is led by a Principal Consultant, with strategy execution showing up as a visible growth signal.

A lot of B2B service firms need more qualified leads, but the motion breaks when targets are fuzzy, first messages blur, and nobody sees what produces conversations.

I am building a focused lead-generation tool for one market: targeting, message review, send limits, and reply visibility.

If this might help, hit Reply, type yes, and send — subject unchanged is fine. I will follow up with a short walkthrough. Not a fit? No need to reply.

Best,
Ismael Sudally
Venture 2.0
Revenue growth systems for early-stage B2B ventures",PASS,4,yes
HR Consulting Plus,Founder,"Hi Victoria,

Noticed HR Consulting Plus is led by a Founder, with employee retention showing up as a visible growth signal.

A lot of B2B service firms need more qualified leads, but the motion breaks when targets are fuzzy, first messages blur, and nobody sees what produces conversations.

I am building a focused lead-generation tool for one market: targeting, message review, send limits, and reply visibility.

If this might help, hit Reply, type yes, and send — subject unchanged is fine. I will follow up with a short walkthrough. Not a fit? No need to reply.

Best,
Ismael Sudally
Venture 2.0
Revenue growth systems for early-stage B2B ventures",PASS,4,yes
Digital Growth Agency,Founder,"Hi Sarah,

Noticed Digital Growth Agency is led by a Founder, with hiring for sales showing up as a visible growth signal.

A lot of B2B service firms need more qualified leads, but the motion breaks when targets are fuzzy, first messages blur, and nobody sees what produces conversations.

I am building a focused lead-generation tool for one market: targeting, message review, send limits, and reply visibility.

If this might help, hit Reply, type yes, and send — subject unchanged is fine. I will follow up with a short walkthrough. Not a fit? No need to reply.

Best,
Ismael Sudally
Venture 2.0
Revenue growth systems for early-stage B2B ventures",PASS,4,yes
Content Marketing Co,Founder,"Hi Nicole,

Noticed Content Marketing Co is led by a Founder, with low roi showing up as a visible growth signal.

A lot of B2B service firms need more qualified leads, but the motion breaks when targets are fuzzy, first messages blur, and nobody sees what produces conversations.

I am building a focused lead-generation tool for one market: targeting, message review, send limits, and reply visibility.

If this might help, hit Reply, type yes, and send — subject unchanged is fine. I will follow up with a short walkthrough. Not a fit? No need to reply.

Best,
Ismael Sudally
Venture 2.0
Revenue growth systems for early-stage B2B ventures",PASS,4,yes
Social Media Agency,Founder,"Hi Brandon,

Noticed Social Media Agency is led by a Founder, with content performance showing up as a visible growth signal.

A lot of B2B service firms need more qualified leads, but the motion breaks when targets are fuzzy, first messages blur, and nobody sees what produces conversations.

I am building a focused lead-generation tool for one market: targeting, message review, send limits, and reply visibility.

If this might help, hit Reply, type yes, and send — subject unchanged is fine. I will follow up with a short walkthrough. Not a fit? No need to reply.

Best,
Ismael Sudally
Venture 2.0
Revenue growth systems for early-stage B2B ventures",PASS,4,yes
Wealth Management Advisors,Managing Principal,"Hi Susan,

Noticed Wealth Management Advisors is led by a Managing Principal, with hnw client acquisition showing up as a visible growth signal.

A lot of B2B service firms need more qualified leads, but the motion breaks when targets are fuzzy, first messages blur, and nobody sees what produces conversations.

I am building a focused lead-generation tool for one market: targeting, message review, send limits, and reply visibility.

If this might help, hit Reply, type yes, and send — subject unchanged is fine. I will follow up with a short walkthrough. Not a fit? No need to reply.

Best,
Ismael Sudally
Venture 2.0
Revenue growth systems for early-stage B2B ventures",PASS,4,yes
Employment Law Services,Partner,"Hi Heather,

Noticed Employment Law Services is led by a Partner, with litigation volume showing up as a visible growth signal.

A lot of B2B service firms need more qualified leads, but the motion breaks when targets are fuzzy, first messages blur, and nobody sees what produces conversations.

I am building a focused lead-generation tool for one market: targeting, message review, send limits, and reply visibility.

If this might help, hit Reply, type yes, and send — subject unchanged is fine. I will follow up with a short walkthrough. Not a fit? No need to reply.

Best,
Ismael Sudally
Venture 2.0
Revenue growth systems for early-stage B2B ventures",PASS,4,yes
Executive Branding,Founder,"Hi Diane,

Noticed Executive Branding is led by a Founder, with linkedin profile optimization showing up as a visible growth signal.

A lot of B2B service firms need more qualified leads, but the motion breaks when targets are fuzzy, first messages blur, and nobody sees what produces conversations.

I am building a focused lead-generation tool for one market: targeting, message review, send limits, and reply visibility.

If this might help, hit Reply, type yes, and send — subject unchanged is fine. I will follow up with a short walkthrough. Not a fit? No need to reply.

Best,
Ismael Sudally
Venture 2.0
Revenue growth systems for early-stage B2B ventures",PASS,4,yes
Commercial Real Estate,VP,"Hi Nancy,

Noticed Commercial Real Estate is led by a VP, with transaction velocity showing up as a visible growth signal.

A lot of B2B service firms need more qualified leads, but the motion breaks when targets are fuzzy, first messages blur, and nobody sees what produces conversations.

I am building a focused lead-generation tool for one market: targeting, message review, send limits, and reply visibility.

If this might help, hit Reply, type yes, and send — subject unchanged is fine. I will follow up with a short walkthrough. Not a fit? No need to reply.

Best,
Ismael Sudally
Venture 2.0
Revenue growth systems for early-stage B2B ventures",PASS,4,yes
Sales Acceleration Corp,CEO,"Hi David,

Noticed Sales Acceleration Corp is led by a CEO, with competitor pressure showing up as a visible growth signal.

A lot of B2B service firms need more qualified leads, but the motion breaks when targets are fuzzy, first messages blur, and nobody sees what produces conversations.

I am building a focused lead-generation tool for one market: targeting, message review, send limits, and reply visibility.

If this might help, hit Reply, type yes, and send — subject unchanged is fine. I will follow up with a short walkthrough. Not a fit? No need to reply.

Best,
Ismael Sudally
Venture 2.0
Revenue growth systems for early-stage B2B ventures",PASS,4,yes
Health Coaching Academy,Program Director,"Hi Sharon,

Noticed Health Coaching Academy is led by a Program Director, with certification value showing up as a visible growth signal.

A lot of B2B service firms need more qualified leads, but the motion breaks when targets are fuzzy, first messages blur, and nobody sees what produces conversations.

I am building a focused lead-generation tool for one market: targeting, message review, send limits, and reply visibility.

If this might help, hit Reply, type yes, and send — subject unchanged is fine. I will follow up with a short walkthrough. Not a fit? No need to reply.

Best,
Ismael Sudally
Venture 2.0
Revenue growth systems for early-stage B2B ventures",PASS,4,yes
Financial Advisory Group,Partner,"Hi Paul,

Noticed Financial Advisory Group is led by a Partner, with client lifetime value showing up as a visible growth signal.

A lot of B2B service firms need more qualified leads, but the motion breaks when targets are fuzzy, first messages blur, and nobody sees what produces conversations.

I am building a focused lead-generation tool for one market: targeting, message review, send limits, and reply visibility.

If this might help, hit Reply, type yes, and send — subject unchanged is fine. I will follow up with a short walkthrough. Not a fit? No need to reply.

Best,
Ismael Sudally
Venture 2.0
Revenue growth systems for early-stage B2B ventures",PASS,4,yes
Business Coaching Hub,Owner,"Hi Kevin,

Noticed Business Coaching Hub is led by a Owner, with client retention showing up as a visible growth signal.

A lot of B2B service firms need more qualified leads, but the motion breaks when targets are fuzzy, first messages blur, and nobody sees what produces conversations.

I am building a focused lead-generation tool for one market: targeting, message review, send limits, and reply visibility.

If this might help, hit Reply, type yes, and send — subject unchanged is fine. I will follow up with a short walkthrough. Not a fit? No need to reply.

Best,
Ismael Sudally
Venture 2.0
Revenue growth systems for early-stage B2B ventures",PASS,4,yes
Accounting Services LLC,Director,"Hi Ruth,

Noticed Accounting Services LLC is led by a Director, with tax deadline stress showing up as a visible growth signal.

A lot of B2B service firms need more qualified leads, but the motion breaks when targets are fuzzy, first messages blur, and nobody sees what produces conversations.

I am building a focused lead-generation tool for one market: targeting, message review, send limits, and reply visibility.

If this might help, hit Reply, type yes, and send — subject unchanged is fine. I will follow up with a short walkthrough. Not a fit? No need to reply.

Best,
Ismael Sudally
Venture 2.0
Revenue growth systems for early-stage B2B ventures",PASS,4,yes
Marketing Forge,Director of Sales,"Hi Lisa,

Noticed Marketing Forge is led by a Director of Sales, with leads declining showing up as a visible growth signal.

A lot of B2B service firms need more qualified leads, but the motion breaks when targets are fuzzy, first messages blur, and nobody sees what produces conversations.

I am building a focused lead-generation tool for one market: targeting, message review, send limits, and reply visibility.

If this might help, hit Reply, type yes, and send — subject unchanged is fine. I will follow up with a short walkthrough. Not a fit? No need to reply.

Best,
Ismael Sudally
Venture 2.0
Revenue growth systems for early-stage B2B ventures",PASS,4,yes
Insurance Advisory,Principal,"Hi Betty,

Noticed Insurance Advisory is led by a Principal, with policy placement rate showing up as a visible growth signal.

A lot of B2B service firms need more qualified leads, but the motion breaks when targets are fuzzy, first messages blur, and nobody sees what produces conversations.

I am building a focused lead-generation tool for one market: targeting, message review, send limits, and reply visibility.

If this might help, hit Reply, type yes, and send — subject unchanged is fine. I will follow up with a short walkthrough. Not a fit? No need to reply.

Best,
Ismael Sudally
Venture 2.0
Revenue growth systems for early-stage B2B ventures",PASS,4,yes
Enterprise Solutions,CEO,"Hi George,

Noticed Enterprise Solutions is led by a CEO, with market differentiation showing up as a visible growth signal.

A lot of B2B service firms need more qualified leads, but the motion breaks when targets are fuzzy, first messages blur, and nobody sees what produces conversations.

I am building a focused lead-generation tool for one market: targeting, message review, send limits, and reply visibility.

If this might help, hit Reply, type yes, and send — subject unchanged is fine. I will follow up with a short walkthrough. Not a fit? No need to reply.

Best,
Ismael Sudally
Venture 2.0
Revenue growth systems for early-stage B2B ventures",PASS,4,yes
Corporate Wellness Coach,Wellness Director,"Hi Patricia,

Noticed Corporate Wellness Coach is led by a Wellness Director, with employee engagement metrics showing up as a visible growth signal.

A lot of B2B service firms need more qualified leads, but the motion breaks when targets are fuzzy, first messages blur, and nobody sees what produces conversations.

I am building a focused lead-generation tool for one market: targeting, message review, send limits, and reply visibility.

If this might help, hit Reply, type yes, and send — subject unchanged is fine. I will follow up with a short walkthrough. Not a fit? No need to reply.

Best,
Ismael Sudally
Venture 2.0
Revenue growth systems for early-stage B2B ventures",PASS,4,yes
Accounting Plus,Managing Partner,"Hi Robert,

Noticed Accounting Plus is led by a Managing Partner, with staff turnover showing up as a visible growth signal.

A lot of B2B service firms need more qualified leads, but the motion breaks when targets are fuzzy, first messages blur, and nobody sees what produces conversations.

I am building a focused lead-generation tool for one market: targeting, message review, send limits, and reply visibility.

If this might help, hit Reply, type yes, and send — subject unchanged is fine. I will follow up with a short walkthrough. Not a fit? No need to reply.

Best,
Ismael Sudally
Venture 2.0
Revenue growth systems for early-stage B2B ventures",PASS,4,yes
Digital Marketing Studios,CEO,"Hi Rachel,

Noticed Digital Marketing Studios is led by a CEO, with scaling team showing up as a visible growth signal.

A lot of B2B service firms need more qualified leads, but the motion breaks when targets are fuzzy, first messages blur, and nobody sees what produces conversations.

I am building a focused lead-generation tool for one market: targeting, message review, send limits, and reply visibility.

If this might help, hit Reply, type yes, and send — subject unchanged is fine. I will follow up with a short walkthrough. Not a fit? No need to reply.

Best,
Ismael Sudally
Venture 2.0
Revenue growth systems for early-stage B2B ventures",PASS,4,yes
